<?xml version="1.0" encoding="UTF-8" ?>
<?xml-stylesheet type='text/xsl' href='freb.xsl'?>
<!-- saved from url=(0014)about:internet -->
<failedRequest url="http://wms.ceadis.org.br:80/wms/"
               siteId="1"
               appPoolId="DefaultAppPool"
               processId="6120"
               verb="GET"
               remoteUserName=""
               userName=""
               tokenUserName="NT AUTHORITY\IUSR"
               authenticationType="anonymous"
               activityId="{8000107A-0000-FF00-B63F-84710C7967BB}"
               failureReason="STATUS_CODE"
               statusCode="302"
               triggerStatusCode="302"
               timeTaken="0"
               xmlns:freb="http://schemas.microsoft.com/win/2006/06/iis/freb"
               >
<Event xmlns="http://schemas.microsoft.com/win/2004/08/events/event">
 <System>
  <Provider Name="WWW Server" Guid="{3A2A4E84-4C21-4981-AE10-3FDA0D9B0F83}"/>
  <EventID>0</EventID>
  <Version>1</Version>
  <Level>0</Level>
  <Opcode>1</Opcode>
  <Keywords>0x0</Keywords>
  <TimeCreated SystemTime="2024-04-12T13:39:44.536Z"/>
  <Correlation ActivityID="{8000107A-0000-FF00-B63F-84710C7967BB}"/>
  <Execution ProcessID="6120" ThreadID="4832"/>
  <Computer>CS1-IIS-01</Computer>
 </System>
 <EventData>
  <Data Name="ContextId">{8000107A-0000-FF00-B63F-84710C7967BB}</Data>
  <Data Name="SiteId">1</Data>
  <Data Name="AppPoolId">DefaultAppPool</Data>
  <Data Name="ConnId">1610616901</Data>
  <Data Name="RawConnId">0</Data>
  <Data Name="RequestURL">http://wms.ceadis.org.br:80/wms/</Data>
  <Data Name="RequestVerb">GET</Data>
 </EventData>
 <RenderingInfo Culture="pt-BR">
  <Opcode>GENERAL_REQUEST_START</Opcode>
 </RenderingInfo>
 <ExtendedTracingInfo xmlns="http://schemas.microsoft.com/win/2004/08/events/trace">
  <EventGuid>{D42CF7EF-DE92-473E-8B6C-621EA663113A}</EventGuid>
 </ExtendedTracingInfo>
</Event>
<Event xmlns="http://schemas.microsoft.com/win/2004/08/events/event">
 <System>
  <Provider Name="WWW Server" Guid="{3A2A4E84-4C21-4981-AE10-3FDA0D9B0F83}"/>
  <EventID>0</EventID>
  <Version>1</Version>
  <Level>4</Level>
  <Opcode>55</Opcode>
  <Keywords>0x0</Keywords>
  <TimeCreated SystemTime="2024-04-12T13:39:44.536Z"/>
  <Correlation ActivityID="{8000107A-0000-FF00-B63F-84710C7967BB}"/>
  <Execution ProcessID="6120" ThreadID="4832"/>
  <Computer>CS1-IIS-01</Computer>
 </System>
 <EventData>
  <Data Name="ContextId">{8000107A-0000-FF00-B63F-84710C7967BB}</Data>
  <Data Name="RemoteAddress">172.22.5.201</Data>
  <Data Name="RemotePort">56241</Data>
  <Data Name="LocalAddress">172.22.0.172</Data>
  <Data Name="LocalPort">80</Data>
 </EventData>
 <RenderingInfo Culture="pt-BR">
  <Opcode>GENERAL_ENDPOINT_INFORMATION</Opcode>
 </RenderingInfo>
 <ExtendedTracingInfo xmlns="http://schemas.microsoft.com/win/2004/08/events/trace">
  <EventGuid>{D42CF7EF-DE92-473E-8B6C-621EA663113A}</EventGuid>
 </ExtendedTracingInfo>
</Event>
<Event xmlns="http://schemas.microsoft.com/win/2004/08/events/event">
 <System>
  <Provider Name="WWW Server" Guid="{3A2A4E84-4C21-4981-AE10-3FDA0D9B0F83}"/>
  <EventID>0</EventID>
  <Version>1</Version>
  <Level>4</Level>
  <Opcode>50</Opcode>
  <Keywords>0x0</Keywords>
  <TimeCreated SystemTime="2024-04-12T13:39:44.536Z"/>
  <Correlation ActivityID="{8000107A-0000-FF00-B63F-84710C7967BB}"/>
  <Execution ProcessID="6120" ThreadID="4832"/>
  <Computer>CS1-IIS-01</Computer>
 </System>
 <EventData>
  <Data Name="ContextId">{8000107A-0000-FF00-B63F-84710C7967BB}</Data>
  <Data Name="Headers">Cache-Control: max-age=0
Connection: keep-alive
Accept: text/html,application/xhtml+xml,application/xml;q=0.9,image/avif,image/webp,image/apng,*/*;q=0.8,application/signed-exchange;v=b3;q=0.7
Accept-Encoding: gzip, deflate
Accept-Language: pt-BR,pt;q=0.9,en-US;q=0.8,en;q=0.7
Host: wms.ceadis.org.br
User-Agent: Mozilla/5.0 (Windows NT 10.0; Win64; x64) AppleWebKit/537.36 (KHTML, like Gecko) Chrome/123.0.0.0 Safari/537.36
Upgrade-Insecure-Requests: 1
</Data>
 </EventData>
 <RenderingInfo Culture="pt-BR">
  <Opcode>GENERAL_REQUEST_HEADERS</Opcode>
 </RenderingInfo>
 <ExtendedTracingInfo xmlns="http://schemas.microsoft.com/win/2004/08/events/trace">
  <EventGuid>{D42CF7EF-DE92-473E-8B6C-621EA663113A}</EventGuid>
 </ExtendedTracingInfo>
</Event>
<Event xmlns="http://schemas.microsoft.com/win/2004/08/events/event">
 <System>
  <Provider Name="WWW Server" Guid="{3A2A4E84-4C21-4981-AE10-3FDA0D9B0F83}"/>
  <EventID>0</EventID>
  <Version>1</Version>
  <Level>4</Level>
  <Opcode>30</Opcode>
  <Keywords>0x0</Keywords>
  <TimeCreated SystemTime="2024-04-12T13:39:44.536Z"/>
  <Correlation ActivityID="{8000107A-0000-FF00-B63F-84710C7967BB}"/>
  <Execution ProcessID="6120" ThreadID="4832"/>
  <Computer>CS1-IIS-01</Computer>
 </System>
 <EventData>
  <Data Name="ContextId">{8000107A-0000-FF00-B63F-84710C7967BB}</Data>
  <Data Name="PhysicalPath"></Data>
  <Data Name="AccessPerms">513</Data>
 </EventData>
 <RenderingInfo Culture="pt-BR">
  <Opcode>GENERAL_GET_URL_METADATA</Opcode>
 </RenderingInfo>
 <ExtendedTracingInfo xmlns="http://schemas.microsoft.com/win/2004/08/events/trace">
  <EventGuid>{D42CF7EF-DE92-473E-8B6C-621EA663113A}</EventGuid>
 </ExtendedTracingInfo>
</Event>
<Event xmlns="http://schemas.microsoft.com/win/2004/08/events/event">
 <System>
  <Provider Name="WWW Server" Guid="{3A2A4E84-4C21-4981-AE10-3FDA0D9B0F83}"/>
  <EventID>0</EventID>
  <Version>1</Version>
  <Level>4</Level>
  <Opcode>43</Opcode>
  <Keywords>0x0</Keywords>
  <TimeCreated SystemTime="2024-04-12T13:39:44.536Z"/>
  <Correlation ActivityID="{8000107A-0000-FF00-B63F-84710C7967BB}"/>
  <Execution ProcessID="6120" ThreadID="4832"/>
  <Computer>CS1-IIS-01</Computer>
 </System>
 <EventData>
  <Data Name="ContextId">{8000107A-0000-FF00-B63F-84710C7967BB}</Data>
  <Data Name="OldHandlerName"></Data>
  <Data Name="NewHandlerName">StaticFile</Data>
  <Data Name="NewHandlerModules">StaticFileModule,DefaultDocumentModule,DirectoryListingModule</Data>
  <Data Name="NewHandlerScriptProcessor"></Data>
  <Data Name="NewHandlerType"></Data>
 </EventData>
 <RenderingInfo Culture="pt-BR">
  <Opcode>HANDLER_CHANGED</Opcode>
 </RenderingInfo>
 <ExtendedTracingInfo xmlns="http://schemas.microsoft.com/win/2004/08/events/trace">
  <EventGuid>{D42CF7EF-DE92-473E-8B6C-621EA663113A}</EventGuid>
 </ExtendedTracingInfo>
</Event>
<Event xmlns="http://schemas.microsoft.com/win/2004/08/events/event">
 <System>
  <Provider Name="WWW Server" Guid="{3A2A4E84-4C21-4981-AE10-3FDA0D9B0F83}"/>
  <EventID>0</EventID>
  <Version>1</Version>
  <Level>4</Level>
  <Opcode>1</Opcode>
  <Keywords>0x400</Keywords>
  <TimeCreated SystemTime="2024-04-12T13:39:44.536Z"/>
  <Correlation ActivityID="{8000107A-0000-FF00-B63F-84710C7967BB}"/>
  <Execution ProcessID="6120" ThreadID="4832"/>
  <Computer>CS1-IIS-01</Computer>
 </System>
 <EventData>
  <Data Name="ContextId">{8000107A-0000-FF00-B63F-84710C7967BB}</Data>
  <Data Name="RequestURL">/wms/</Data>
  <Data Name="Scope">1</Data>
  <Data Name="Type">0</Data>
 </EventData>
 <RenderingInfo Culture="pt-BR">
  <Opcode>URL_REWRITE_START</Opcode>
  <Keywords>
   <Keyword>Rewrite</Keyword>
  </Keywords>
  <freb:Description Data="Scope">Distributed</freb:Description>
  <freb:Description Data="Type">Inbound</freb:Description>
 </RenderingInfo>
 <ExtendedTracingInfo xmlns="http://schemas.microsoft.com/win/2004/08/events/trace">
  <EventGuid>{0469ABFA-1BB2-466A-B645-E3E15A02F38B}</EventGuid>
 </ExtendedTracingInfo>
</Event>
<Event xmlns="http://schemas.microsoft.com/win/2004/08/events/event">
 <System>
  <Provider Name="WWW Server" Guid="{3A2A4E84-4C21-4981-AE10-3FDA0D9B0F83}"/>
  <EventID>0</EventID>
  <Version>1</Version>
  <Level>3</Level>
  <Opcode>19</Opcode>
  <Keywords>0x400</Keywords>
  <TimeCreated SystemTime="2024-04-12T13:39:44.536Z"/>
  <Correlation ActivityID="{8000107A-0000-FF00-B63F-84710C7967BB}"/>
  <Execution ProcessID="6120" ThreadID="4832"/>
  <Computer>CS1-IIS-01</Computer>
 </System>
 <EventData>
  <Data Name="ContextId">{8000107A-0000-FF00-B63F-84710C7967BB}</Data>
 </EventData>
 <RenderingInfo Culture="pt-BR">
  <Opcode>REWRITE_DISABLED_KERNEL_CACHE</Opcode>
  <Keywords>
   <Keyword>Rewrite</Keyword>
  </Keywords>
 </RenderingInfo>
 <ExtendedTracingInfo xmlns="http://schemas.microsoft.com/win/2004/08/events/trace">
  <EventGuid>{0469ABFA-1BB2-466A-B645-E3E15A02F38B}</EventGuid>
 </ExtendedTracingInfo>
</Event>
<Event xmlns="http://schemas.microsoft.com/win/2004/08/events/event">
 <System>
  <Provider Name="WWW Server" Guid="{3A2A4E84-4C21-4981-AE10-3FDA0D9B0F83}"/>
  <EventID>0</EventID>
  <Version>1</Version>
  <Level>5</Level>
  <Opcode>53</Opcode>
  <Keywords>0x0</Keywords>
  <TimeCreated SystemTime="2024-04-12T13:39:44.536Z"/>
  <Correlation ActivityID="{8000107A-0000-FF00-B63F-84710C7967BB}"/>
  <Execution ProcessID="6120" ThreadID="4832"/>
  <Computer>CS1-IIS-01</Computer>
 </System>
 <EventData>
  <Data Name="ContextId">{8000107A-0000-FF00-B63F-84710C7967BB}</Data>
  <Data Name="HeaderName">X-Original-URL</Data>
  <Data Name="HeaderValue">/wms/</Data>
  <Data Name="Replace">true</Data>
 </EventData>
 <RenderingInfo Culture="pt-BR">
  <Opcode>GENERAL_SET_REQUEST_HEADER</Opcode>
 </RenderingInfo>
 <ExtendedTracingInfo xmlns="http://schemas.microsoft.com/win/2004/08/events/trace">
  <EventGuid>{D42CF7EF-DE92-473E-8B6C-621EA663113A}</EventGuid>
 </ExtendedTracingInfo>
</Event>
<Event xmlns="http://schemas.microsoft.com/win/2004/08/events/event">
 <System>
  <Provider Name="WWW Server" Guid="{3A2A4E84-4C21-4981-AE10-3FDA0D9B0F83}"/>
  <EventID>0</EventID>
  <Version>1</Version>
  <Level>4</Level>
  <Opcode>42</Opcode>
  <Keywords>0x0</Keywords>
  <TimeCreated SystemTime="2024-04-12T13:39:44.536Z"/>
  <Correlation ActivityID="{8000107A-0000-FF00-B63F-84710C7967BB}"/>
  <Execution ProcessID="6120" ThreadID="4832"/>
  <Computer>CS1-IIS-01</Computer>
 </System>
 <EventData>
  <Data Name="ContextId">{8000107A-0000-FF00-B63F-84710C7967BB}</Data>
  <Data Name="OldUrl">/wms/</Data>
  <Data Name="NewUrl">http://172.22.0.143/wms</Data>
 </EventData>
 <RenderingInfo Culture="pt-BR">
  <Opcode>URL_CHANGED</Opcode>
 </RenderingInfo>
 <ExtendedTracingInfo xmlns="http://schemas.microsoft.com/win/2004/08/events/trace">
  <EventGuid>{D42CF7EF-DE92-473E-8B6C-621EA663113A}</EventGuid>
 </ExtendedTracingInfo>
</Event>
<Event xmlns="http://schemas.microsoft.com/win/2004/08/events/event">
 <System>
  <Provider Name="WWW Server" Guid="{3A2A4E84-4C21-4981-AE10-3FDA0D9B0F83}"/>
  <EventID>0</EventID>
  <Version>1</Version>
  <Level>4</Level>
  <Opcode>20</Opcode>
  <Keywords>0x400</Keywords>
  <TimeCreated SystemTime="2024-04-12T13:39:44.536Z"/>
  <Correlation ActivityID="{8000107A-0000-FF00-B63F-84710C7967BB}"/>
  <Execution ProcessID="6120" ThreadID="4832"/>
  <Computer>CS1-IIS-01</Computer>
 </System>
 <EventData>
  <Data Name="ContextId">{8000107A-0000-FF00-B63F-84710C7967BB}</Data>
  <Data Name="CachedRewriteURL">http://172.22.0.143/wms</Data>
 </EventData>
 <RenderingInfo Culture="pt-BR">
  <Opcode>REWRITE_FROM_CACHE_ACTION</Opcode>
  <Keywords>
   <Keyword>Rewrite</Keyword>
  </Keywords>
 </RenderingInfo>
 <ExtendedTracingInfo xmlns="http://schemas.microsoft.com/win/2004/08/events/trace">
  <EventGuid>{0469ABFA-1BB2-466A-B645-E3E15A02F38B}</EventGuid>
 </ExtendedTracingInfo>
</Event>
<Event xmlns="http://schemas.microsoft.com/win/2004/08/events/event">
 <System>
  <Provider Name="WWW Server" Guid="{3A2A4E84-4C21-4981-AE10-3FDA0D9B0F83}"/>
  <EventID>0</EventID>
  <Version>1</Version>
  <Level>4</Level>
  <Opcode>2</Opcode>
  <Keywords>0x400</Keywords>
  <TimeCreated SystemTime="2024-04-12T13:39:44.536Z"/>
  <Correlation ActivityID="{8000107A-0000-FF00-B63F-84710C7967BB}"/>
  <Execution ProcessID="6120" ThreadID="4832"/>
  <Computer>CS1-IIS-01</Computer>
 </System>
 <EventData>
  <Data Name="ContextId">{8000107A-0000-FF00-B63F-84710C7967BB}</Data>
  <Data Name="RequestURL">http://172.22.0.143/wms</Data>
 </EventData>
 <RenderingInfo Culture="pt-BR">
  <Opcode>URL_REWRITE_END</Opcode>
  <Keywords>
   <Keyword>Rewrite</Keyword>
  </Keywords>
 </RenderingInfo>
 <ExtendedTracingInfo xmlns="http://schemas.microsoft.com/win/2004/08/events/trace">
  <EventGuid>{0469ABFA-1BB2-466A-B645-E3E15A02F38B}</EventGuid>
 </ExtendedTracingInfo>
</Event>
<Event xmlns="http://schemas.microsoft.com/win/2004/08/events/event">
 <System>
  <Provider Name="WWW Server" Guid="{3A2A4E84-4C21-4981-AE10-3FDA0D9B0F83}"/>
  <EventID>0</EventID>
  <Version>1</Version>
  <Level>4</Level>
  <Opcode>44</Opcode>
  <Keywords>0x0</Keywords>
  <TimeCreated SystemTime="2024-04-12T13:39:44.536Z"/>
  <Correlation ActivityID="{8000107A-0000-FF00-B63F-84710C7967BB}"/>
  <Execution ProcessID="6120" ThreadID="4832"/>
  <Computer>CS1-IIS-01</Computer>
 </System>
 <EventData>
  <Data Name="ContextId">{8000107A-0000-FF00-B63F-84710C7967BB}</Data>
  <Data Name="AuthType"></Data>
  <Data Name="UserName"></Data>
  <Data Name="SupportsIsInRole">true</Data>
 </EventData>
 <RenderingInfo Culture="pt-BR">
  <Opcode>USER_SET</Opcode>
 </RenderingInfo>
 <ExtendedTracingInfo xmlns="http://schemas.microsoft.com/win/2004/08/events/trace">
  <EventGuid>{D42CF7EF-DE92-473E-8B6C-621EA663113A}</EventGuid>
 </ExtendedTracingInfo>
</Event>
<Event xmlns="http://schemas.microsoft.com/win/2004/08/events/event">
 <System>
  <Provider Name="WWW Server" Guid="{3A2A4E84-4C21-4981-AE10-3FDA0D9B0F83}"/>
  <EventID>0</EventID>
  <Version>1</Version>
  <Level>4</Level>
  <Opcode>43</Opcode>
  <Keywords>0x0</Keywords>
  <TimeCreated SystemTime="2024-04-12T13:39:44.536Z"/>
  <Correlation ActivityID="{8000107A-0000-FF00-B63F-84710C7967BB}"/>
  <Execution ProcessID="6120" ThreadID="4832"/>
  <Computer>CS1-IIS-01</Computer>
 </System>
 <EventData>
  <Data Name="ContextId">{8000107A-0000-FF00-B63F-84710C7967BB}</Data>
  <Data Name="OldHandlerName">StaticFile</Data>
  <Data Name="NewHandlerName">ApplicationRequestRoutingHandler</Data>
  <Data Name="NewHandlerModules">ApplicationRequestRouting</Data>
  <Data Name="NewHandlerScriptProcessor"></Data>
  <Data Name="NewHandlerType"></Data>
 </EventData>
 <RenderingInfo Culture="pt-BR">
  <Opcode>HANDLER_CHANGED</Opcode>
 </RenderingInfo>
 <ExtendedTracingInfo xmlns="http://schemas.microsoft.com/win/2004/08/events/trace">
  <EventGuid>{D42CF7EF-DE92-473E-8B6C-621EA663113A}</EventGuid>
 </ExtendedTracingInfo>
</Event>
<Event xmlns="http://schemas.microsoft.com/win/2004/08/events/event">
 <System>
  <Provider Name="WWW Server" Guid="{3A2A4E84-4C21-4981-AE10-3FDA0D9B0F83}"/>
  <EventID>0</EventID>
  <Version>1</Version>
  <Level>5</Level>
  <Opcode>53</Opcode>
  <Keywords>0x0</Keywords>
  <TimeCreated SystemTime="2024-04-12T13:39:44.536Z"/>
  <Correlation ActivityID="{8000107A-0000-FF00-B63F-84710C7967BB}"/>
  <Execution ProcessID="6120" ThreadID="4832"/>
  <Computer>CS1-IIS-01</Computer>
 </System>
 <EventData>
  <Data Name="ContextId">{8000107A-0000-FF00-B63F-84710C7967BB}</Data>
  <Data Name="HeaderName">Max-Forwards</Data>
  <Data Name="HeaderValue">10</Data>
  <Data Name="Replace">true</Data>
 </EventData>
 <RenderingInfo Culture="pt-BR">
  <Opcode>GENERAL_SET_REQUEST_HEADER</Opcode>
 </RenderingInfo>
 <ExtendedTracingInfo xmlns="http://schemas.microsoft.com/win/2004/08/events/trace">
  <EventGuid>{D42CF7EF-DE92-473E-8B6C-621EA663113A}</EventGuid>
 </ExtendedTracingInfo>
</Event>
<Event xmlns="http://schemas.microsoft.com/win/2004/08/events/event">
 <System>
  <Provider Name="WWW Server" Guid="{3A2A4E84-4C21-4981-AE10-3FDA0D9B0F83}"/>
  <EventID>0</EventID>
  <Version>1</Version>
  <Level>5</Level>
  <Opcode>53</Opcode>
  <Keywords>0x0</Keywords>
  <TimeCreated SystemTime="2024-04-12T13:39:44.536Z"/>
  <Correlation ActivityID="{8000107A-0000-FF00-B63F-84710C7967BB}"/>
  <Execution ProcessID="6120" ThreadID="4832"/>
  <Computer>CS1-IIS-01</Computer>
 </System>
 <EventData>
  <Data Name="ContextId">{8000107A-0000-FF00-B63F-84710C7967BB}</Data>
  <Data Name="HeaderName">Host</Data>
  <Data Name="HeaderValue">172.22.0.143</Data>
  <Data Name="Replace">true</Data>
 </EventData>
 <RenderingInfo Culture="pt-BR">
  <Opcode>GENERAL_SET_REQUEST_HEADER</Opcode>
 </RenderingInfo>
 <ExtendedTracingInfo xmlns="http://schemas.microsoft.com/win/2004/08/events/trace">
  <EventGuid>{D42CF7EF-DE92-473E-8B6C-621EA663113A}</EventGuid>
 </ExtendedTracingInfo>
</Event>
<Event xmlns="http://schemas.microsoft.com/win/2004/08/events/event">
 <System>
  <Provider Name="WWW Server" Guid="{3A2A4E84-4C21-4981-AE10-3FDA0D9B0F83}"/>
  <EventID>0</EventID>
  <Version>1</Version>
  <Level>5</Level>
  <Opcode>53</Opcode>
  <Keywords>0x0</Keywords>
  <TimeCreated SystemTime="2024-04-12T13:39:44.536Z"/>
  <Correlation ActivityID="{8000107A-0000-FF00-B63F-84710C7967BB}"/>
  <Execution ProcessID="6120" ThreadID="4832"/>
  <Computer>CS1-IIS-01</Computer>
 </System>
 <EventData>
  <Data Name="ContextId">{8000107A-0000-FF00-B63F-84710C7967BB}</Data>
  <Data Name="HeaderName">X-Forwarded-For</Data>
  <Data Name="HeaderValue">172.22.5.201:56241</Data>
  <Data Name="Replace">true</Data>
 </EventData>
 <RenderingInfo Culture="pt-BR">
  <Opcode>GENERAL_SET_REQUEST_HEADER</Opcode>
 </RenderingInfo>
 <ExtendedTracingInfo xmlns="http://schemas.microsoft.com/win/2004/08/events/trace">
  <EventGuid>{D42CF7EF-DE92-473E-8B6C-621EA663113A}</EventGuid>
 </ExtendedTracingInfo>
</Event>
<Event xmlns="http://schemas.microsoft.com/win/2004/08/events/event">
 <System>
  <Provider Name="WWW Server" Guid="{3A2A4E84-4C21-4981-AE10-3FDA0D9B0F83}"/>
  <EventID>0</EventID>
  <Version>1</Version>
  <Level>5</Level>
  <Opcode>53</Opcode>
  <Keywords>0x0</Keywords>
  <TimeCreated SystemTime="2024-04-12T13:39:44.536Z"/>
  <Correlation ActivityID="{8000107A-0000-FF00-B63F-84710C7967BB}"/>
  <Execution ProcessID="6120" ThreadID="4832"/>
  <Computer>CS1-IIS-01</Computer>
 </System>
 <EventData>
  <Data Name="ContextId">{8000107A-0000-FF00-B63F-84710C7967BB}</Data>
  <Data Name="HeaderName">X-ARR-SSL</Data>
  <Data Name="HeaderValue"></Data>
  <Data Name="Replace">true</Data>
 </EventData>
 <RenderingInfo Culture="pt-BR">
  <Opcode>GENERAL_SET_REQUEST_HEADER</Opcode>
 </RenderingInfo>
 <ExtendedTracingInfo xmlns="http://schemas.microsoft.com/win/2004/08/events/trace">
  <EventGuid>{D42CF7EF-DE92-473E-8B6C-621EA663113A}</EventGuid>
 </ExtendedTracingInfo>
</Event>
<Event xmlns="http://schemas.microsoft.com/win/2004/08/events/event">
 <System>
  <Provider Name="WWW Server" Guid="{3A2A4E84-4C21-4981-AE10-3FDA0D9B0F83}"/>
  <EventID>0</EventID>
  <Version>1</Version>
  <Level>5</Level>
  <Opcode>53</Opcode>
  <Keywords>0x0</Keywords>
  <TimeCreated SystemTime="2024-04-12T13:39:44.536Z"/>
  <Correlation ActivityID="{8000107A-0000-FF00-B63F-84710C7967BB}"/>
  <Execution ProcessID="6120" ThreadID="4832"/>
  <Computer>CS1-IIS-01</Computer>
 </System>
 <EventData>
  <Data Name="ContextId">{8000107A-0000-FF00-B63F-84710C7967BB}</Data>
  <Data Name="HeaderName">X-ARR-ClientCert</Data>
  <Data Name="HeaderValue"></Data>
  <Data Name="Replace">true</Data>
 </EventData>
 <RenderingInfo Culture="pt-BR">
  <Opcode>GENERAL_SET_REQUEST_HEADER</Opcode>
 </RenderingInfo>
 <ExtendedTracingInfo xmlns="http://schemas.microsoft.com/win/2004/08/events/trace">
  <EventGuid>{D42CF7EF-DE92-473E-8B6C-621EA663113A}</EventGuid>
 </ExtendedTracingInfo>
</Event>
<Event xmlns="http://schemas.microsoft.com/win/2004/08/events/event">
 <System>
  <Provider Name="WWW Server" Guid="{3A2A4E84-4C21-4981-AE10-3FDA0D9B0F83}"/>
  <EventID>0</EventID>
  <Version>1</Version>
  <Level>5</Level>
  <Opcode>53</Opcode>
  <Keywords>0x0</Keywords>
  <TimeCreated SystemTime="2024-04-12T13:39:44.536Z"/>
  <Correlation ActivityID="{8000107A-0000-FF00-B63F-84710C7967BB}"/>
  <Execution ProcessID="6120" ThreadID="4832"/>
  <Computer>CS1-IIS-01</Computer>
 </System>
 <EventData>
  <Data Name="ContextId">{8000107A-0000-FF00-B63F-84710C7967BB}</Data>
  <Data Name="HeaderName">X-ARR-LOG-ID</Data>
  <Data Name="HeaderValue">2f8d792f-672c-467f-854f-048d94d0a56b</Data>
  <Data Name="Replace">true</Data>
 </EventData>
 <RenderingInfo Culture="pt-BR">
  <Opcode>GENERAL_SET_REQUEST_HEADER</Opcode>
 </RenderingInfo>
 <ExtendedTracingInfo xmlns="http://schemas.microsoft.com/win/2004/08/events/trace">
  <EventGuid>{D42CF7EF-DE92-473E-8B6C-621EA663113A}</EventGuid>
 </ExtendedTracingInfo>
</Event>
<Event xmlns="http://schemas.microsoft.com/win/2004/08/events/event">
 <System>
  <Provider Name="WWW Server" Guid="{3A2A4E84-4C21-4981-AE10-3FDA0D9B0F83}"/>
  <EventID>0</EventID>
  <Version>1</Version>
  <Level>5</Level>
  <Opcode>53</Opcode>
  <Keywords>0x0</Keywords>
  <TimeCreated SystemTime="2024-04-12T13:39:44.536Z"/>
  <Correlation ActivityID="{8000107A-0000-FF00-B63F-84710C7967BB}"/>
  <Execution ProcessID="6120" ThreadID="4832"/>
  <Computer>CS1-IIS-01</Computer>
 </System>
 <EventData>
  <Data Name="ContextId">{8000107A-0000-FF00-B63F-84710C7967BB}</Data>
  <Data Name="HeaderName">Connection</Data>
  <Data Name="HeaderValue"></Data>
  <Data Name="Replace">true</Data>
 </EventData>
 <RenderingInfo Culture="pt-BR">
  <Opcode>GENERAL_SET_REQUEST_HEADER</Opcode>
 </RenderingInfo>
 <ExtendedTracingInfo xmlns="http://schemas.microsoft.com/win/2004/08/events/trace">
  <EventGuid>{D42CF7EF-DE92-473E-8B6C-621EA663113A}</EventGuid>
 </ExtendedTracingInfo>
</Event>
<Event xmlns="http://schemas.microsoft.com/win/2004/08/events/event">
 <System>
  <Provider Name="WWW Server" Guid="{3A2A4E84-4C21-4981-AE10-3FDA0D9B0F83}"/>
  <EventID>0</EventID>
  <Version>1</Version>
  <Level>4</Level>
  <Opcode>42</Opcode>
  <Keywords>0x0</Keywords>
  <TimeCreated SystemTime="2024-04-12T13:39:44.536Z"/>
  <Correlation ActivityID="{8000107A-0000-FF00-B63F-84710C7967BB}"/>
  <Execution ProcessID="6120" ThreadID="4832"/>
  <Computer>CS1-IIS-01</Computer>
 </System>
 <EventData>
  <Data Name="ContextId">{8000107A-0000-FF00-B63F-84710C7967BB}</Data>
  <Data Name="OldUrl">http://172.22.0.143/wms</Data>
  <Data Name="NewUrl">/wms/</Data>
 </EventData>
 <RenderingInfo Culture="pt-BR">
  <Opcode>URL_CHANGED</Opcode>
 </RenderingInfo>
 <ExtendedTracingInfo xmlns="http://schemas.microsoft.com/win/2004/08/events/trace">
  <EventGuid>{D42CF7EF-DE92-473E-8B6C-621EA663113A}</EventGuid>
 </ExtendedTracingInfo>
</Event>
<Event xmlns="http://schemas.microsoft.com/win/2004/08/events/event">
 <System>
  <Provider Name="WWW Server" Guid="{3A2A4E84-4C21-4981-AE10-3FDA0D9B0F83}"/>
  <EventID>0</EventID>
  <Version>1</Version>
  <Level>4</Level>
  <Opcode>56</Opcode>
  <Keywords>0x0</Keywords>
  <TimeCreated SystemTime="2024-04-12T13:39:44.536Z"/>
  <Correlation ActivityID="{8000107A-0000-FF00-B63F-84710C7967BB}"/>
  <Execution ProcessID="6120" ThreadID="4832"/>
  <Computer>CS1-IIS-01</Computer>
 </System>
 <EventData>
  <Data Name="ContextId">{8000107A-0000-FF00-B63F-84710C7967BB}</Data>
  <Data Name="HeaderName">Keep-Alive</Data>
  <Data Name="HeaderValue">timeout=5, max=48</Data>
  <Data Name="Replace">true</Data>
 </EventData>
 <RenderingInfo Culture="pt-BR">
  <Opcode>GENERAL_SET_RESPONSE_HEADER</Opcode>
 </RenderingInfo>
 <ExtendedTracingInfo xmlns="http://schemas.microsoft.com/win/2004/08/events/trace">
  <EventGuid>{D42CF7EF-DE92-473E-8B6C-621EA663113A}</EventGuid>
 </ExtendedTracingInfo>
</Event>
<Event xmlns="http://schemas.microsoft.com/win/2004/08/events/event">
 <System>
  <Provider Name="WWW Server" Guid="{3A2A4E84-4C21-4981-AE10-3FDA0D9B0F83}"/>
  <EventID>0</EventID>
  <Version>1</Version>
  <Level>4</Level>
  <Opcode>56</Opcode>
  <Keywords>0x0</Keywords>
  <TimeCreated SystemTime="2024-04-12T13:39:44.536Z"/>
  <Correlation ActivityID="{8000107A-0000-FF00-B63F-84710C7967BB}"/>
  <Execution ProcessID="6120" ThreadID="4832"/>
  <Computer>CS1-IIS-01</Computer>
 </System>
 <EventData>
  <Data Name="ContextId">{8000107A-0000-FF00-B63F-84710C7967BB}</Data>
  <Data Name="HeaderName">Content-Length</Data>
  <Data Name="HeaderValue">208</Data>
  <Data Name="Replace">true</Data>
 </EventData>
 <RenderingInfo Culture="pt-BR">
  <Opcode>GENERAL_SET_RESPONSE_HEADER</Opcode>
 </RenderingInfo>
 <ExtendedTracingInfo xmlns="http://schemas.microsoft.com/win/2004/08/events/trace">
  <EventGuid>{D42CF7EF-DE92-473E-8B6C-621EA663113A}</EventGuid>
 </ExtendedTracingInfo>
</Event>
<Event xmlns="http://schemas.microsoft.com/win/2004/08/events/event">
 <System>
  <Provider Name="WWW Server" Guid="{3A2A4E84-4C21-4981-AE10-3FDA0D9B0F83}"/>
  <EventID>0</EventID>
  <Version>1</Version>
  <Level>4</Level>
  <Opcode>56</Opcode>
  <Keywords>0x0</Keywords>
  <TimeCreated SystemTime="2024-04-12T13:39:44.536Z"/>
  <Correlation ActivityID="{8000107A-0000-FF00-B63F-84710C7967BB}"/>
  <Execution ProcessID="6120" ThreadID="4832"/>
  <Computer>CS1-IIS-01</Computer>
 </System>
 <EventData>
  <Data Name="ContextId">{8000107A-0000-FF00-B63F-84710C7967BB}</Data>
  <Data Name="HeaderName">Content-Type</Data>
  <Data Name="HeaderValue">text/html; charset=iso-8859-1</Data>
  <Data Name="Replace">true</Data>
 </EventData>
 <RenderingInfo Culture="pt-BR">
  <Opcode>GENERAL_SET_RESPONSE_HEADER</Opcode>
 </RenderingInfo>
 <ExtendedTracingInfo xmlns="http://schemas.microsoft.com/win/2004/08/events/trace">
  <EventGuid>{D42CF7EF-DE92-473E-8B6C-621EA663113A}</EventGuid>
 </ExtendedTracingInfo>
</Event>
<Event xmlns="http://schemas.microsoft.com/win/2004/08/events/event">
 <System>
  <Provider Name="WWW Server" Guid="{3A2A4E84-4C21-4981-AE10-3FDA0D9B0F83}"/>
  <EventID>0</EventID>
  <Version>1</Version>
  <Level>4</Level>
  <Opcode>56</Opcode>
  <Keywords>0x0</Keywords>
  <TimeCreated SystemTime="2024-04-12T13:39:44.536Z"/>
  <Correlation ActivityID="{8000107A-0000-FF00-B63F-84710C7967BB}"/>
  <Execution ProcessID="6120" ThreadID="4832"/>
  <Computer>CS1-IIS-01</Computer>
 </System>
 <EventData>
  <Data Name="ContextId">{8000107A-0000-FF00-B63F-84710C7967BB}</Data>
  <Data Name="HeaderName">Location</Data>
  <Data Name="HeaderValue">http://172.22.0.143/wms/</Data>
  <Data Name="Replace">true</Data>
 </EventData>
 <RenderingInfo Culture="pt-BR">
  <Opcode>GENERAL_SET_RESPONSE_HEADER</Opcode>
 </RenderingInfo>
 <ExtendedTracingInfo xmlns="http://schemas.microsoft.com/win/2004/08/events/trace">
  <EventGuid>{D42CF7EF-DE92-473E-8B6C-621EA663113A}</EventGuid>
 </ExtendedTracingInfo>
</Event>
<Event xmlns="http://schemas.microsoft.com/win/2004/08/events/event">
 <System>
  <Provider Name="WWW Server" Guid="{3A2A4E84-4C21-4981-AE10-3FDA0D9B0F83}"/>
  <EventID>0</EventID>
  <Version>1</Version>
  <Level>4</Level>
  <Opcode>56</Opcode>
  <Keywords>0x0</Keywords>
  <TimeCreated SystemTime="2024-04-12T13:39:44.536Z"/>
  <Correlation ActivityID="{8000107A-0000-FF00-B63F-84710C7967BB}"/>
  <Execution ProcessID="6120" ThreadID="4832"/>
  <Computer>CS1-IIS-01</Computer>
 </System>
 <EventData>
  <Data Name="ContextId">{8000107A-0000-FF00-B63F-84710C7967BB}</Data>
  <Data Name="HeaderName">Location</Data>
  <Data Name="HeaderValue">http://wms.ceadis.org.br/wms/</Data>
  <Data Name="Replace">true</Data>
 </EventData>
 <RenderingInfo Culture="pt-BR">
  <Opcode>GENERAL_SET_RESPONSE_HEADER</Opcode>
 </RenderingInfo>
 <ExtendedTracingInfo xmlns="http://schemas.microsoft.com/win/2004/08/events/trace">
  <EventGuid>{D42CF7EF-DE92-473E-8B6C-621EA663113A}</EventGuid>
 </ExtendedTracingInfo>
</Event>
<Event xmlns="http://schemas.microsoft.com/win/2004/08/events/event">
 <System>
  <Provider Name="WWW Server" Guid="{3A2A4E84-4C21-4981-AE10-3FDA0D9B0F83}"/>
  <EventID>0</EventID>
  <Version>1</Version>
  <Level>4</Level>
  <Opcode>56</Opcode>
  <Keywords>0x0</Keywords>
  <TimeCreated SystemTime="2024-04-12T13:39:44.536Z"/>
  <Correlation ActivityID="{8000107A-0000-FF00-B63F-84710C7967BB}"/>
  <Execution ProcessID="6120" ThreadID="4832"/>
  <Computer>CS1-IIS-01</Computer>
 </System>
 <EventData>
  <Data Name="ContextId">{8000107A-0000-FF00-B63F-84710C7967BB}</Data>
  <Data Name="HeaderName">X-Powered-By</Data>
  <Data Name="HeaderValue">ARR/3.0</Data>
  <Data Name="Replace">false</Data>
 </EventData>
 <RenderingInfo Culture="pt-BR">
  <Opcode>GENERAL_SET_RESPONSE_HEADER</Opcode>
 </RenderingInfo>
 <ExtendedTracingInfo xmlns="http://schemas.microsoft.com/win/2004/08/events/trace">
  <EventGuid>{D42CF7EF-DE92-473E-8B6C-621EA663113A}</EventGuid>
 </ExtendedTracingInfo>
</Event>
<Event xmlns="http://schemas.microsoft.com/win/2004/08/events/event">
 <System>
  <Provider Name="WWW Server" Guid="{3A2A4E84-4C21-4981-AE10-3FDA0D9B0F83}"/>
  <EventID>0</EventID>
  <Version>1</Version>
  <Level>5</Level>
  <Opcode>52</Opcode>
  <Keywords>0x0</Keywords>
  <TimeCreated SystemTime="2024-04-12T13:39:44.536Z"/>
  <Correlation ActivityID="{8000107A-0000-FF00-B63F-84710C7967BB}"/>
  <Execution ProcessID="6120" ThreadID="4832"/>
  <Computer>CS1-IIS-01</Computer>
 </System>
 <EventData>
  <Data Name="ContextId">{8000107A-0000-FF00-B63F-84710C7967BB}</Data>
  <Data Name="Reason">1</Data>
 </EventData>
 <RenderingInfo Culture="pt-BR">
  <Opcode>GENERAL_NOT_SEND_CUSTOM_ERROR</Opcode>
  <freb:Description Data="Reason">SETSTATUS_SUCCESS</freb:Description>
 </RenderingInfo>
 <ExtendedTracingInfo xmlns="http://schemas.microsoft.com/win/2004/08/events/trace">
  <EventGuid>{D42CF7EF-DE92-473E-8B6C-621EA663113A}</EventGuid>
 </ExtendedTracingInfo>
</Event>
<Event xmlns="http://schemas.microsoft.com/win/2004/08/events/event">
 <System>
  <Provider Name="WWW Server" Guid="{3A2A4E84-4C21-4981-AE10-3FDA0D9B0F83}"/>
  <EventID>0</EventID>
  <Version>1</Version>
  <Level>4</Level>
  <Opcode>35</Opcode>
  <Keywords>0x0</Keywords>
  <TimeCreated SystemTime="2024-04-12T13:39:44.536Z"/>
  <Correlation ActivityID="{8000107A-0000-FF00-B63F-84710C7967BB}"/>
  <Execution ProcessID="6120" ThreadID="4832"/>
  <Computer>CS1-IIS-01</Computer>
 </System>
 <EventData>
  <Data Name="ContextId">{8000107A-0000-FF00-B63F-84710C7967BB}</Data>
 </EventData>
 <RenderingInfo Culture="pt-BR">
  <Opcode>GENERAL_FLUSH_RESPONSE_START</Opcode>
 </RenderingInfo>
 <ExtendedTracingInfo xmlns="http://schemas.microsoft.com/win/2004/08/events/trace">
  <EventGuid>{D42CF7EF-DE92-473E-8B6C-621EA663113A}</EventGuid>
 </ExtendedTracingInfo>
</Event>
<Event xmlns="http://schemas.microsoft.com/win/2004/08/events/event">
 <System>
  <Provider Name="WWW Server" Guid="{3A2A4E84-4C21-4981-AE10-3FDA0D9B0F83}"/>
  <EventID>0</EventID>
  <Version>1</Version>
  <Level>4</Level>
  <Opcode>47</Opcode>
  <Keywords>0x0</Keywords>
  <TimeCreated SystemTime="2024-04-12T13:39:44.536Z"/>
  <Correlation ActivityID="{8000107A-0000-FF00-B63F-84710C7967BB}"/>
  <Execution ProcessID="6120" ThreadID="4832"/>
  <Computer>CS1-IIS-01</Computer>
 </System>
 <EventData>
  <Data Name="ContextId">{8000107A-0000-FF00-B63F-84710C7967BB}</Data>
  <Data Name="Headers">Keep-Alive: timeout=5, max=48
Content-Type: text/html; charset=iso-8859-1
Location: http://wms.ceadis.org.br/wms/
Server: Microsoft-IIS/10.0
X-Powered-By: ARR/3.0
</Data>
 </EventData>
 <RenderingInfo Culture="pt-BR">
  <Opcode>GENERAL_RESPONSE_HEADERS</Opcode>
 </RenderingInfo>
 <ExtendedTracingInfo xmlns="http://schemas.microsoft.com/win/2004/08/events/trace">
  <EventGuid>{D42CF7EF-DE92-473E-8B6C-621EA663113A}</EventGuid>
 </ExtendedTracingInfo>
</Event>
<Event xmlns="http://schemas.microsoft.com/win/2004/08/events/event">
 <System>
  <Provider Name="WWW Server" Guid="{3A2A4E84-4C21-4981-AE10-3FDA0D9B0F83}"/>
  <EventID>0</EventID>
  <Version>1</Version>
  <Level>5</Level>
  <Opcode>49</Opcode>
  <Keywords>0x0</Keywords>
  <TimeCreated SystemTime="2024-04-12T13:39:44.536Z"/>
  <Correlation ActivityID="{8000107A-0000-FF00-B63F-84710C7967BB}"/>
  <Execution ProcessID="6120" ThreadID="4832"/>
  <Computer>CS1-IIS-01</Computer>
 </System>
 <EventData>
  <Data Name="ContextId">{8000107A-0000-FF00-B63F-84710C7967BB}</Data>
  <Data Name="Buffer">&lt;!DOCTYPE HTML PUBLIC &quot;-//IETF//DTD HTML 2.0//EN&quot;&gt;
&lt;html&gt;&lt;head&gt;
&lt;title&gt;302 Found&lt;/title&gt;
&lt;/head&gt;&lt;body&gt;
&lt;h1&gt;Found&lt;/h1&gt;
&lt;p&gt;The document has moved &lt;a href=&quot;http://172.22.0.143/wms/&quot;&gt;here&lt;/a&gt;.&lt;/p&gt;
&lt;/body&gt;&lt;/html&gt;
</Data>
 </EventData>
 <RenderingInfo Culture="pt-BR">
  <Opcode>GENERAL_RESPONSE_ENTITY_BUFFER</Opcode>
 </RenderingInfo>
 <ExtendedTracingInfo xmlns="http://schemas.microsoft.com/win/2004/08/events/trace">
  <EventGuid>{D42CF7EF-DE92-473E-8B6C-621EA663113A}</EventGuid>
 </ExtendedTracingInfo>
</Event>
<Event xmlns="http://schemas.microsoft.com/win/2004/08/events/event">
 <System>
  <Provider Name="WWW Server" Guid="{3A2A4E84-4C21-4981-AE10-3FDA0D9B0F83}"/>
  <EventID>0</EventID>
  <Version>1</Version>
  <Level>4</Level>
  <Opcode>36</Opcode>
  <Keywords>0x0</Keywords>
  <TimeCreated SystemTime="2024-04-12T13:39:44.536Z"/>
  <Correlation ActivityID="{8000107A-0000-FF00-B63F-84710C7967BB}"/>
  <Execution ProcessID="6120" ThreadID="4832"/>
  <Computer>CS1-IIS-01</Computer>
 </System>
 <EventData>
  <Data Name="ContextId">{8000107A-0000-FF00-B63F-84710C7967BB}</Data>
  <Data Name="BytesSent">456</Data>
  <Data Name="ErrorCode">0</Data>
 </EventData>
 <RenderingInfo Culture="pt-BR">
  <Opcode>GENERAL_FLUSH_RESPONSE_END</Opcode>
  <freb:Description Data="ErrorCode">The operation completed successfully. (0x0)</freb:Description>
 </RenderingInfo>
 <ExtendedTracingInfo xmlns="http://schemas.microsoft.com/win/2004/08/events/trace">
  <EventGuid>{D42CF7EF-DE92-473E-8B6C-621EA663113A}</EventGuid>
 </ExtendedTracingInfo>
</Event>
<Event xmlns="http://schemas.microsoft.com/win/2004/08/events/event">
 <System>
  <Provider Name="WWW Server" Guid="{3A2A4E84-4C21-4981-AE10-3FDA0D9B0F83}"/>
  <EventID>0</EventID>
  <Version>1</Version>
  <Level>0</Level>
  <Opcode>2</Opcode>
  <Keywords>0x0</Keywords>
  <TimeCreated SystemTime="2024-04-12T13:39:44.536Z"/>
  <Correlation ActivityID="{8000107A-0000-FF00-B63F-84710C7967BB}"/>
  <Execution ProcessID="6120" ThreadID="4832"/>
  <Computer>CS1-IIS-01</Computer>
 </System>
 <EventData>
  <Data Name="ContextId">{8000107A-0000-FF00-B63F-84710C7967BB}</Data>
  <Data Name="BytesSent">456</Data>
  <Data Name="BytesReceived">483</Data>
  <Data Name="HttpStatus">302</Data>
  <Data Name="HttpSubStatus">0</Data>
 </EventData>
 <RenderingInfo Culture="pt-BR">
  <Opcode>GENERAL_REQUEST_END</Opcode>
 </RenderingInfo>
 <ExtendedTracingInfo xmlns="http://schemas.microsoft.com/win/2004/08/events/trace">
  <EventGuid>{D42CF7EF-DE92-473E-8B6C-621EA663113A}</EventGuid>
 </ExtendedTracingInfo>
</Event>
</failedRequest>